use clotheit_data
INSERT INTO addresses (address_line1, city, state, pincode) VALUES
-- Customer Addresses (IDs 1-20)
('123 MG Road', 'Mumbai', 'Maharashtra', '400001'),
('456 Park Street', 'Kolkata', 'West Bengal', '700016'),
('789 Brigade Road', 'Bangalore', 'Karnataka', '560001'),
('321 Jubilee Hills', 'Hyderabad', 'Telangana', '500033'),
('654 Connaught Place', 'New Delhi', 'Delhi', '110001'),
('987 Civil Lines', 'Jaipur', 'Rajasthan', '302006'),
('147 Marine Drive', 'Kochi', 'Kerala', '682001'),
('258 Anna Nagar', 'Chennai', 'Tamil Nadu', '600040'),
('369 SG Highway', 'Ahmedabad', 'Gujarat', '380054'),
('741 FC Road', 'Pune', 'Maharashtra', '411004'),
('852 Sector 17', 'Chandigarh', 'Chandigarh', '160017'),
('963 Banjara Hills', 'Hyderabad', 'Telangana', '500034'),
('159 Hazratganj', 'Lucknow', 'Uttar Pradesh', '226001'),
('357 Salt Lake', 'Kolkata', 'West Bengal', '700091'),
('468 Koramangala', 'Bangalore', 'Karnataka', '560034'),
('579 Vaishali Nagar', 'Jaipur', 'Rajasthan', '302021'),
('681 Gomti Nagar', 'Lucknow', 'Uttar Pradesh', '226010'),
('792 Andheri West', 'Mumbai', 'Maharashtra', '400058'),
('813 Indiranagar', 'Bangalore', 'Karnataka', '560038'),
('924 New Town', 'Kolkata', 'West Bengal', '700156'),
-- Vendor Addresses (IDs 21-40)
('101 Fashion Street', 'Mumbai', 'Maharashtra', '400001'),
('202 Design District', 'Bangalore', 'Karnataka', '560001'),
('303 Silk Lane', 'Varanasi', 'Uttar Pradesh', '221001'),
('404 Cotton Road', 'Coimbatore', 'Tamil Nadu', '641001'),
('505 Textile Park', 'Surat', 'Gujarat', '395001'),
('606 Fitness Ave', 'Pune', 'Maharashtra', '411001'),
('707 Rainbow Street', 'Jaipur', 'Rajasthan', '302001'),
('808 Business Bay', 'Gurgaon', 'Haryana', '122001'),
('909 Blue Street', 'Ahmedabad', 'Gujarat', '380001'),
('110 Trinket Lane', 'Delhi', 'Delhi', '110001'),
('211 Woolen Way', 'Ludhiana', 'Punjab', '141001'),
('312 Linen Lane', 'Chennai', 'Tamil Nadu', '600001'),
('413 Shoe Street', 'Agra', 'Uttar Pradesh', '282001'),
('514 Leather Lane', 'Kanpur', 'Uttar Pradesh', '208001'),
('615 Clock Tower', 'Mumbai', 'Maharashtra', '400002'),
('716 Gold Street', 'Hyderabad', 'Telangana', '500001'),
('817 Optic Avenue', 'Bangalore', 'Karnataka', '560002'),
('918 Leather Loop', 'Chennai', 'Tamil Nadu', '600002'),
('119 Silk Road', 'Varanasi', 'Uttar Pradesh', '221002'),
('220 Head Street', 'Delhi', 'Delhi', '110002');

-- ---------------------------------------------
-- 2. Insert Customers
-- ---------------------------------------------
INSERT INTO customers (name, phone, email, billing_address, sign_up_datetime) VALUES
('Rahul Sharma', '9876543210', 'rahul.sharma@email.com', 1, '2024-01-15 10:30:00'),
('Priya Patel', '9876543211', 'priya.patel@email.com', 2, '2024-01-20 14:45:00'),
('Amit Kumar', '9876543212', 'amit.kumar@email.com', 3, '2024-02-05 09:15:00'),
('Sneha Reddy', '9876543213', 'sneha.reddy@email.com', 4, '2024-02-10 11:00:00'),
('Vikram Singh', '9876543214', 'vikram.singh@email.com', 5, '2024-02-15 16:30:00'),
('Anjali Gupta', '9876543215', 'anjali.gupta@email.com', 6, '2024-03-01 08:45:00'),
('Karthik Nair', '9876543216', 'karthik.nair@email.com', 7, '2024-03-10 12:00:00'),
('Meera Iyer', '9876543217', 'meera.iyer@email.com', 8, '2024-03-15 15:20:00'),
('Rohan Desai', '9876543218', 'rohan.desai@email.com', 9, '2024-03-20 10:10:00'),
('Kavita Joshi', '9876543219', 'kavita.joshi@email.com', 10, '2024-04-01 13:35:00'),
('Arjun Menon', '9876543220', 'arjun.menon@email.com', 11, '2024-04-10 09:50:00'),
('Divya Rao', '9876543221', 'divya.rao@email.com', 12, '2024-04-15 14:15:00'),
('Sanjay Verma', '9876543222', 'sanjay.verma@email.com', 13, '2024-04-20 11:40:00'),
('Pooja Agarwal', '9876543223', 'pooja.agarwal@email.com', 14, '2024-05-01 16:05:00'),
('Nikhil Saxena', '9876543224', 'nikhil.saxena@email.com', 15, '2024-05-10 08:30:00'),
('Swati Mishra', '9876543225', 'swati.mishra@email.com', 16, '2024-05-15 12:55:00'),
('Deepak Choudhary', '9876543226', 'deepak.choudhary@email.com', 17, '2024-05-20 15:45:00'),
('Ritu Sharma', '9876543227', 'ritu.sharma@email.com', 18, '2024-06-01 10:20:00'),
('Manish Tiwari', '9876543228', 'manish.tiwari@email.com', 19, '2024-06-10 13:10:00'),
('Ananya Das', '9876543229', 'ananya.das@email.com', 20, '2024-06-15 09:00:00');

-- ---------------------------------------------
-- 3. Insert Vendors
-- ---------------------------------------------
INSERT INTO vendors (name, affiliation, phone, email, address, sign_up_datetime) VALUES
('Fashion Forward Inc', 'Trendy Threads', '8765432100', 'contact@fashionforward.com', 21, '2023-06-01 10:00:00'),
('Style Studio', 'Urban Chic', '8765432101', 'sales@stylestudio.com', 22, '2023-06-15 11:30:00'),
('Ethnic Elegance', 'Desi Drapes', '8765432102', 'info@ethnicelegance.com', 23, '2023-07-01 09:45:00'),
('Casual Comfort Co', 'Relax Wear', '8765432103', 'hello@casualcomfort.com', 24, '2023-07-20 14:00:00'),
('Premium Fabrics Ltd', 'Luxury Line', '8765432104', 'support@premiumfabrics.com', 25, '2023-08-05 12:15:00'),
('Sporty Styles', 'Active Gear', '8765432105', 'orders@sportystyles.com', 26, '2023-08-20 16:30:00'),
('Kids Kingdom', 'Little Stars', '8765432106', 'care@kidskingdom.com', 27, '2023-09-01 10:45:00'),
('Formal Affairs', 'Corporate Classics', '8765432107', 'business@formalaffairs.com', 28, '2023-09-15 08:00:00'),
('Denim Den', 'Jean Genius', '8765432108', 'jeans@denimden.com', 29, '2023-10-01 13:20:00'),
('Accessory Avenue', 'Accent Plus', '8765432109', 'style@accessoryavenue.com', 30, '2023-10-20 15:40:00'),
('Winter Warmth', 'Cozy Collection', '8765432110', 'warm@winterwarmth.com', 31, '2023-11-01 11:00:00'),
('Summer Breeze', 'Cool Cottons', '8765432111', 'fresh@summerbreeze.com', 32, '2023-11-15 09:30:00'),
('Footwear Factory', 'Step Right', '8765432112', 'walk@footwearfactory.com', 33, '2023-12-01 14:50:00'),
('Bag Bazaar', 'Carry Style', '8765432113', 'bags@bagbazaar.com', 34, '2023-12-15 10:15:00'),
('Watch World', 'Time Trends', '8765432114', 'time@watchworld.com', 35, '2024-01-01 12:00:00'),
('Jewelry Junction', 'Sparkle Studio', '8765432115', 'shine@jewelryjunction.com', 36, '2024-01-15 16:20:00'),
('Eyewear Express', 'Vision Vogue', '8765432116', 'see@eyewearexpress.com', 37, '2024-02-01 08:45:00'),
('Belt & Beyond', 'Waist Wonders', '8765432117', 'fit@beltbeyond.com', 38, '2024-02-15 13:30:00'),
('Scarf Studio', 'Wrap Style', '8765432118', 'drape@scarfstudio.com', 39, '2024-03-01 11:10:00'),
('Hat House', 'Cap Corner', '8765432119', 'top@hathouse.com', 40, '2024-03-15 15:00:00');

-- ---------------------------------------------
-- 4. Insert Products (Removed Description and Status columns as they aren't in Schema)
-- ---------------------------------------------
INSERT INTO products (vendor_id, name, price, discount, total_qty) VALUES
(1, 'Classic Cotton T-Shirt', 599.00, 10.00, 500),
(1, 'Slim Fit Casual Shirt', 1299.00, 15.00, 300),
(1, 'Graphic Print Tee', 799.00, 12.00, 450),
(1, 'Polo Shirt Classic', 999.00, 8.00, 380),
(1, 'Henley Long Sleeve', 899.00, 10.00, 320),
(2, 'Designer Blazer', 3999.00, 20.00, 150),
(2, 'Chino Pants', 1799.00, 12.00, 400),
(2, 'Linen Summer Blazer', 4499.00, 18.00, 120),
(2, 'Tailored Vest', 2499.00, 15.00, 200),
(2, 'Pleated Dress Pants', 2199.00, 10.00, 280),
(3, 'Silk Saree Collection', 4999.00, 5.00, 200),
(3, 'Embroidered Kurta Set', 2499.00, 10.00, 250),
(3, 'Banarasi Silk Saree', 7999.00, 8.00, 100),
(3, 'Cotton Kurta Pajama', 1899.00, 12.00, 350),
(3, 'Anarkali Suit Set', 3499.00, 15.00, 180),
(4, 'Comfortable Lounge Pants', 899.00, 8.00, 600),
(4, 'Relaxed Fit Hoodie', 1499.00, 18.00, 350),
(4, 'Fleece Joggers', 1199.00, 10.00, 500),
(4, 'Oversized Sweatshirt', 1299.00, 15.00, 400),
(4, 'Cotton Pajama Set', 999.00, 5.00, 550),
(5, 'Premium Wool Suit', 12999.00, 25.00, 100),
(5, 'Cashmere Sweater', 5999.00, 15.00, 180),
(5, 'Italian Silk Shirt', 4999.00, 12.00, 150),
(5, 'Merino Wool Cardigan', 4499.00, 10.00, 200),
(5, 'Tweed Sports Jacket', 8999.00, 20.00, 80),
(6, 'Performance Running Shorts', 999.00, 10.00, 450),
(6, 'Gym Tank Top', 699.00, 5.00, 550),
(6, 'Compression Leggings', 1499.00, 12.00, 380),
(6, 'Sports Bra Pro', 899.00, 8.00, 420),
(6, 'Training Track Jacket', 1799.00, 15.00, 300),
(7, 'Kids Party Dress', 1599.00, 20.00, 300),
(7, 'Boys Denim Jacket', 1299.00, 15.00, 280),
(7, 'Girls Tutu Skirt', 899.00, 10.00, 400),
(7, 'Boys Cargo Shorts', 799.00, 12.00, 450),
(7, 'Kids Raincoat Set', 1199.00, 8.00, 350),
(8, 'Executive Dress Shirt', 1999.00, 10.00, 400),
(8, 'Formal Trousers', 2299.00, 12.00, 350),
(8, 'French Cuff Shirt', 2499.00, 15.00, 250),
(8, 'Business Suit Navy', 9999.00, 18.00, 120),
(8, 'Silk Pocket Square Set', 599.00, 5.00, 500),
(9, 'Classic Blue Jeans', 1899.00, 15.00, 500),
(9, 'Distressed Denim Shorts', 1199.00, 20.00, 400),
(9, 'Skinny Fit Black Jeans', 2099.00, 12.00, 380),
(9, 'Bootcut Vintage Jeans', 2299.00, 10.00, 300),
(9, 'Denim Trucker Jacket', 2799.00, 18.00, 250),
(10, 'Leather Belt Collection', 799.00, 5.00, 600),
(10, 'Silk Tie Set', 999.00, 10.00, 450),
(10, 'Canvas Tote Bag', 1299.00, 8.00, 350),
(10, 'Leather Wallet Premium', 1499.00, 12.00, 400),
(10, 'Cufflinks Gold Plated', 1999.00, 15.00, 200),
(11, 'Wool Overcoat', 6999.00, 20.00, 150),
(11, 'Puffer Jacket', 3999.00, 15.00, 280),
(11, 'Knit Beanie Cap', 499.00, 5.00, 600),
(11, 'Thermal Innerwear Set', 1299.00, 10.00, 450),
(11, 'Woolen Muffler', 799.00, 8.00, 500),
(12, 'Linen Shirt Casual', 1599.00, 12.00, 400),
(12, 'Cotton Shorts Relaxed', 899.00, 8.00, 500),
(12, 'Sleeveless Maxi Dress', 2199.00, 15.00, 300),
(12, 'Linen Palazzo Pants', 1799.00, 10.00, 350),
(12, 'Cotton Crop Top', 699.00, 5.00, 450),
(13, 'Classic Leather Loafers', 2999.00, 15.00, 250),
(13, 'Running Shoes Pro', 4999.00, 20.00, 300),
(13, 'Canvas Sneakers', 1499.00, 10.00, 450),
(13, 'Leather Sandals', 1299.00, 8.00, 400),
(13, 'Ankle Boots Suede', 3499.00, 12.00, 200),
(14, 'Leather Messenger Bag', 3499.00, 15.00, 200),
(14, 'Travel Duffel Bag', 2499.00, 12.00, 300),
(14, 'Ladies Handbag Classic', 2999.00, 10.00, 250),
(14, 'Laptop Backpack Pro', 1999.00, 8.00, 400),
(14, 'Clutch Evening Bag', 1499.00, 18.00, 350),
(15, 'Analog Classic Watch', 2999.00, 15.00, 300),
(15, 'Smart Fitness Watch', 4999.00, 20.00, 250),
(15, 'Chronograph Sports Watch', 5999.00, 18.00, 180),
(15, 'Minimalist Dial Watch', 1999.00, 10.00, 400),
(15, 'Vintage Style Watch', 3499.00, 12.00, 220),
(16, 'Gold Plated Necklace', 2499.00, 15.00, 300),
(16, 'Diamond Stud Earrings', 9999.00, 10.00, 100),
(16, 'Silver Charm Bracelet', 1499.00, 12.00, 400),
(16, 'Pearl Drop Earrings', 1999.00, 8.00, 350),
(16, 'Statement Ring Gold', 3499.00, 20.00, 200),
(17, 'Aviator Sunglasses', 1999.00, 15.00, 400),
(17, 'Blue Light Glasses', 1499.00, 10.00, 500),
(17, 'Cat Eye Frames', 2499.00, 12.00, 300),
(17, 'Round Retro Glasses', 1799.00, 8.00, 350),
(17, 'Sports Sunglasses', 2999.00, 18.00, 250),
(18, 'Reversible Leather Belt', 1299.00, 10.00, 450),
(18, 'Braided Canvas Belt', 699.00, 5.00, 550),
(18, 'Designer Buckle Belt', 1999.00, 15.00, 300),
(18, 'Stretch Comfort Belt', 599.00, 8.00, 500),
(18, 'Formal Dress Belt', 1499.00, 12.00, 380),
(19, 'Silk Scarf Printed', 1999.00, 15.00, 350),
(19, 'Cashmere Shawl', 4999.00, 20.00, 150),
(19, 'Cotton Stole Set', 899.00, 8.00, 500),
(19, 'Wool Blend Wrap', 1499.00, 10.00, 400),
(19, 'Embroidered Dupatta', 1299.00, 12.00, 350),
(20, 'Baseball Cap Classic', 599.00, 5.00, 600),
(20, 'Fedora Hat Wool', 1999.00, 15.00, 250),
(20, 'Sun Hat Wide Brim', 1299.00, 10.00, 350),
(20, 'Bucket Hat Trendy', 799.00, 8.00, 450),
(20, 'Winter Trapper Hat', 1499.00, 12.00, 300);

-- ---------------------------------------------
-- 5. Insert Tags
-- ---------------------------------------------
INSERT INTO tags (tag_name, product_id) VALUES
('cotton', 1), ('casual', 1),
('menswear', 2), ('shirt', 2),
('graphic', 3), ('tshirt', 3),
('polo', 4), ('classic', 4),
('henley', 5), ('layering', 5),
('formal', 6), ('blazer', 6),
('pants', 7), ('chino', 7),
('linen', 8), ('summer', 8),
('vest', 9), ('tailored', 9),
('pleated', 10), ('dressy', 10),
('ethnic', 11), ('silk', 11),
('traditional', 12), ('kurta', 12),
('banarasi', 13), ('bridal', 13),
('pajama', 14), ('daily', 14),
('anarkali', 15), ('festival', 15),
('loungewear', 16), ('comfort', 16),
('winter', 17), ('hoodie', 17),
('fleece', 18), ('joggers', 18),
('oversized', 19), ('sweatshirt', 19),
('sleepwear', 20), ('nightwear', 20),
('premium', 21), ('business', 21),
('cashmere', 22), ('luxury', 22),
('italian', 23), ('elegant', 23),
('merino', 24), ('cardigan', 24),
('tweed', 25), ('sophisticated', 25),
('sportswear', 26), ('running', 26),
('gym', 27), ('workout', 27),
('compression', 28), ('athletic', 28),
('sports-bra', 29), ('fitness', 29),
('training', 30), ('activewear', 30),
('kidswear', 31), ('party', 31),
('boys', 32), ('denim', 32),
('girls', 33), ('tutu', 33),
('cargo', 34), ('shorts', 34),
('rainwear', 35), ('waterproof', 35),
('corporate', 36), ('executive', 36),
('trousers', 37), ('office', 37),
('french-cuff', 38), ('formal-shirt', 38),
('suit', 39), ('navy', 39),
('pocket-square', 40), ('accessories', 40),
('jeans', 41), ('blue', 41),
('distressed', 42), ('summer-wear', 42),
('skinny', 43), ('black', 43),
('bootcut', 44), ('vintage', 44),
('trucker', 45), ('jacket', 45),
('belt', 46), ('leather', 46),
('tie', 47), ('formal-accessory', 47),
('tote', 48), ('canvas', 48),
('wallet', 49), ('genuine-leather', 49),
('cufflinks', 50), ('gold-plated', 50),
('wool', 51), ('overcoat', 51),
('puffer', 52), ('jacket', 52),
('beanie', 53), ('winter', 53),
('thermal', 54), ('innerwear', 54),
('muffler', 55), ('accessories', 55),
('linen', 56), ('shirt', 56),
('shorts', 57), ('cotton', 57),
('dress', 58), ('maxi', 58),
('palazzo', 59), ('comfort', 59),
('crop-top', 60), ('trendy', 60),
('loafers', 61), ('formal', 61),
('running', 62), ('sports', 62),
('sneakers', 63), ('canvas', 63),
('sandals', 64), ('summer', 64),
('boots', 65), ('suede', 65),
('bag', 66), ('leather', 66),
('duffel', 67), ('travel', 67),
('handbag', 68), ('ladies', 68),
('backpack', 69), ('laptop', 69),
('clutch', 70), ('party', 70),
('watch', 71), ('classic', 71),
('smartwatch', 72), ('fitness', 72),
('chronograph', 73), ('sporty', 73),
('minimalist', 74), ('modern', 74),
('vintage', 75), ('retro', 75),
('necklace', 76), ('gold-plated', 76),
('earrings', 77), ('diamond', 77),
('bracelet', 78), ('charm', 78),
('pearl', 79), ('elegant', 79),
('ring', 80), ('statement', 80),
('sunglasses', 81), ('aviator', 81),
('eyewear', 82), ('blue-light', 82),
('frames', 83), ('cat-eye', 83),
('retro', 84), ('vintage', 84),
('sports', 85), ('polarized', 85),
('belt', 86), ('reversible', 86),
('canvas', 87), ('casual', 87),
('designer', 88), ('luxury', 88),
('stretch', 89), ('comfort', 89),
('formal', 90), ('leather', 90),
('scarf', 91), ('silk', 91),
('shawl', 92), ('cashmere', 92),
('stole', 93), ('cotton', 93),
('wrap', 94), ('wool', 94),
('dupatta', 95), ('ethnic', 95),
('cap', 96), ('baseball', 96),
('hat', 97), ('fedora', 97),
('sun-hat', 98), ('summer', 98),
('bucket-hat', 99), ('trendy', 99),
('trapper', 100), ('winter', 100);

-- ---------------------------------------------
-- 6. Insert Tracking (Corrected ENUM case)
-- ---------------------------------------------
INSERT INTO tracking (status, partner, packaging_date, shipped_date, deliver_date, cancelled_date) VALUES
('DELIVERED', 'BlueDart',    '2024-05-31 09:00:00', '2024-06-01 09:00:00', '2024-06-03 14:30:00', NULL),
('DELIVERED', 'Delhivery',   '2024-06-01 14:00:00', '2024-06-02 10:30:00', '2024-06-05 11:00:00', NULL),
('SHIPPED',   'FedEx',       '2024-06-04 11:00:00', '2024-06-05 08:00:00', NULL,                  NULL),
('DELIVERED', 'DTDC',        '2024-06-06 16:00:00', '2024-06-07 11:00:00', '2024-06-10 16:45:00', NULL),
('SHIPPED',   'Ecom Express','2024-06-09 10:00:00', '2024-06-10 09:30:00', NULL,                  NULL),
('DELIVERED', 'BlueDart',    '2024-06-11 13:00:00', '2024-06-12 14:00:00', '2024-06-14 10:00:00', NULL),
('DELIVERED', 'Delhivery',   '2024-06-14 09:00:00', '2024-06-15 08:30:00', '2024-06-18 15:20:00', NULL),
('SHIPPED',   'FedEx',       '2024-06-17 15:00:00', '2024-06-18 10:00:00', NULL,                  NULL),
('DELIVERED', 'DTDC',        '2024-06-19 11:00:00', '2024-06-20 12:00:00', '2024-06-23 09:30:00', NULL),
('DELIVERED', 'Ecom Express','2024-06-21 16:00:00', '2024-06-22 09:00:00', '2024-06-25 14:00:00', NULL),
('SHIPPED',   'BlueDart',    '2024-06-24 10:00:00', '2024-06-25 11:30:00', NULL,                  NULL),
('DELIVERED', 'Delhivery',   '2024-06-26 13:00:00', '2024-06-27 08:00:00', '2024-06-30 12:45:00', NULL),
('DELIVERED', 'FedEx',       '2024-06-30 14:00:00', '2024-07-01 10:30:00', '2024-07-04 16:00:00', NULL),
('SHIPPED',   'DTDC',        '2024-07-02 11:00:00', '2024-07-03 09:00:00', NULL,                  NULL),
('DELIVERED', 'Ecom Express','2024-07-04 15:00:00', '2024-07-05 14:00:00', '2024-07-08 11:30:00', NULL),
('DELIVERED', 'BlueDart',    '2024-07-07 09:00:00', '2024-07-08 08:30:00', '2024-07-11 15:00:00', NULL),
('CANCELLED', 'Delhivery',   '2024-07-09 12:00:00', NULL,                  NULL,                  '2024-07-10 16:00:00'),
('DELIVERED', 'FedEx',       '2024-07-11 14:00:00', '2024-07-12 11:00:00', '2024-07-15 09:45:00', NULL),
('DELIVERED', 'DTDC',        '2024-07-14 10:00:00', '2024-07-15 09:30:00', '2024-07-18 14:20:00', NULL),
('PACKAGING', 'Ecom Express','2024-07-18 08:00:00', NULL,                  NULL,                  NULL);

-- ---------------------------------------------
-- 7. Insert Orders (Corrected ENUM case)
-- ---------------------------------------------
INSERT INTO orders (customer_id, tracking_id, order_datetime, order_total, status) VALUES
(1, 1, '2024-05-30 15:30:00', 2398.00, 'DELIVERED'),
(2, 2, '2024-06-01 10:00:00', 4999.00, 'DELIVERED'),
(3, 3, '2024-06-04 14:45:00', 3598.00, 'PLACED'),
(4, 4, '2024-06-06 09:30:00', 1299.00, 'DELIVERED'),
(5, 5, '2024-06-09 16:00:00', 5499.00, 'PLACED'),
(6, 6, '2024-06-11 11:15:00', 899.00, 'DELIVERED'),
(7, 7, '2024-06-14 08:45:00', 12999.00, 'DELIVERED'),
(8, 8, '2024-06-17 13:30:00', 2998.00, 'PLACED'),
(9, 9, '2024-06-19 10:00:00', 1799.00, 'DELIVERED'),
(10, 10, '2024-06-21 15:45:00', 3797.00, 'DELIVERED'),
(11, 11, '2024-06-24 09:00:00', 999.00, 'PLACED'),
(12, 12, '2024-06-26 12:30:00', 2499.00, 'DELIVERED'),
(13, 13, '2024-06-30 08:15:00', 4298.00, 'DELIVERED'),
(14, 14, '2024-07-02 14:00:00', 1598.00, 'PLACED'),
(15, 15, '2024-07-04 11:30:00', 5999.00, 'DELIVERED'),
(16, 16, '2024-07-07 09:45:00', 1899.00, 'DELIVERED'),
(17, 17, '2024-07-09 16:15:00', 2698.00, 'CANCELLED'),
(18, 18, '2024-07-11 10:30:00', 3999.00, 'DELIVERED'),
(19, 19, '2024-07-14 13:00:00', 1499.00, 'DELIVERED'),
(20, 20, '2024-07-17 08:30:00', 7498.00, 'PLACED');

-- ---------------------------------------------
-- 8. Insert Order Items (Mapped purchase_price -> price, purchase_qty -> qty)
-- ---------------------------------------------
INSERT INTO order_items (order_id, product_id, price, qty) VALUES
(1, 1, 539.10, 2),
(1, 2, 1104.15, 1),
(2, 5, 4749.05, 1),
(3, 3, 3199.20, 1),
(3, 4, 1583.12, 1),
(4, 2, 1104.15, 1),
(5, 9, 9749.25, 1),
(6, 7, 827.08, 1),
(7, 9, 9749.25, 1),
(7, 10, 5099.15, 1),
(8, 6, 2249.10, 1),
(8, 8, 1229.18, 1),
(9, 4, 1583.12, 1),
(10, 11, 899.10, 2),
(10, 12, 664.05, 3),
(11, 20, 899.10, 1),
(12, 6, 2249.10, 1),
(13, 15, 1799.10, 2),
(14, 13, 1279.20, 1),
(15, 10, 5099.15, 1),
(16, 20, 949.05, 2),
(17, 83, 2199.12, 1),
(17, 53, 474.05, 1),
(18, 6, 3199.20, 1),
(18, 3, 703.12, 1),
(19, 63, 1349.10, 1),
(20, 51, 5599.20, 1),
(20, 41, 1614.15, 1);

-- ---------------------------------------------
-- 9. Insert Complaints (Corrected ENUM case)
-- ---------------------------------------------
INSERT INTO complaints (customer_id, vendor_id, user_type, description, status, open_datetime, closed_datetime, resolved_datetime) VALUES
(1, NULL, 'CUSTOMER', 'Product received was damaged. T-shirt had a tear on the sleeve.', 'RESOLVED', '2024-06-05 10:00:00', NULL, '2024-06-08 14:30:00'),
(2, NULL, 'CUSTOMER', 'Saree color does not match the product image on the website.', 'RESOLVED', '2024-06-08 11:30:00', NULL, '2024-06-12 09:00:00'),
(3, NULL, 'CUSTOMER', 'Blazer size is smaller than mentioned. Need exchange.', 'OPEN', '2024-06-10 14:00:00', NULL, NULL),
(4, NULL, 'CUSTOMER', 'Received wrong product. Ordered shirt but received t-shirt.', 'CLOSED', '2024-06-12 09:30:00', '2024-06-15 16:00:00', NULL),
(5, NULL, 'CUSTOMER', 'Suit fabric quality not as expected. Seems different from description.', 'OPEN', '2024-06-15 13:45:00', NULL, NULL),
(6, NULL, 'CUSTOMER', 'Hoodie zipper is broken. Product is defective.', 'RESOLVED', '2024-06-18 10:00:00', NULL, '2024-06-22 11:30:00'),
(7, NULL, 'CUSTOMER', 'Delivery was delayed by 5 days. No proper tracking updates.', 'CLOSED', '2024-06-20 15:30:00', '2024-06-25 10:00:00', NULL),
(8, NULL, 'CUSTOMER', 'Embroidery on kurta is coming off after first wash.', 'OPEN', '2024-06-22 08:45:00', NULL, NULL),
(9, NULL, 'CUSTOMER', 'Lounge pants shrunk after washing despite following care instructions.', 'RESOLVED', '2024-06-25 11:00:00', NULL, '2024-06-30 14:20:00'),
(10, NULL, 'CUSTOMER', 'Running shorts elastic band is loose. Does not fit properly.', 'OPEN', '2024-06-28 14:30:00', NULL, NULL),
(11, NULL, 'CUSTOMER', 'Silk tie has visible defects. Thread is loose at multiple places.', 'RESOLVED', '2024-07-01 09:00:00', NULL, '2024-07-05 12:00:00'),
(12, NULL, 'CUSTOMER', 'Wrong billing amount charged. Discount not applied.', 'CLOSED', '2024-07-03 16:00:00', '2024-07-07 10:30:00', NULL),
(13, NULL, 'CUSTOMER', 'Formal trousers have incorrect stitching. Button fell off.', 'OPEN', '2024-07-06 11:30:00', NULL, NULL),
(14, NULL, 'CUSTOMER', 'Kids dress color faded significantly after first wash.', 'RESOLVED', '2024-07-09 08:00:00', NULL, '2024-07-13 15:45:00'),
(15, NULL, 'CUSTOMER', 'Cashmere sweater developed pilling within a week of use.', 'OPEN', '2024-07-12 13:00:00', NULL, NULL),
(1, NULL, 'CUSTOMER', 'Jeans button broke within first month of purchase.', 'RESOLVED', '2024-07-15 10:30:00', NULL, '2024-07-19 09:00:00'),
(NULL, 8, 'VENDOR', 'Customer claims package was not delivered but tracking shows delivered.', 'OPEN', '2024-07-18 14:00:00', NULL, NULL),
(NULL, 6, 'VENDOR', 'Customer requesting refund after product return window expired.', 'CLOSED', '2024-07-20 09:30:00', '2024-07-25 11:00:00', NULL),
(4, NULL, 'CUSTOMER', 'Denim shorts have uneven hem. Quality issue.', 'RESOLVED', '2024-07-22 16:00:00', NULL, '2024-07-27 10:30:00'),
(5, NULL, 'CUSTOMER', 'Leather belt buckle is scratched. Product was not packed properly.', 'OPEN', '2024-07-25 11:30:00', NULL, NULL);